Time,stamp.secs,stamp.nsecs,left,right
1609131271.829852,1609131271,828845024,0.0,0.0
1609131271.9231303,1609131271,920890092,0.0,0.0
1609131272.0190082,1609131272,18554925,0.0,0.0
1609131272.1257296,1609131272,123346090,0.0,0.0
1609131272.2257566,1609131272,223571062,0.0,0.0
1609131272.3081641,1609131272,305602073,0.0,0.0
1609131272.411828,1609131272,410880088,0.0,0.0
1609131272.5158064,1609131272,513591051,0.0,0.0
1609131272.602548,1609131272,600531101,0.0,0.0
1609131272.707123,1609131272,705213069,0.0,0.0
1609131272.8181338,1609131272,815922975,0.0,0.0
1609131272.9167657,1609131272,914187908,0.0,0.0
1609131273.009184,1609131273,8654117,0.0,0.0
1609131273.1090045,1609131273,107209920,0.0,0.0
1609131273.21146,1609131273,206840991,0.0,0.0
1609131273.3145986,1609131273,313199043,0.0,0.0
1609131273.415399,1609131273,414371013,0.0,0.0
1609131273.5167735,1609131273,514734029,0.0,0.0
1609131273.613553,1609131273,612200975,0.0,0.0
1609131273.7103014,1609131273,709774971,0.0,0.0
1609131273.8099766,1609131273,809504032,0.0,0.0
1609131273.9086525,1609131273,907601118,0.0,0.0
1609131274.01024,1609131274,9244918,0.0,0.0
1609131274.111957,1609131274,110141992,0.0,0.0
1609131274.2106783,1609131274,207818031,0.0,0.0
1609131274.3084428,1609131274,307971000,0.0,0.0
1609131274.4134412,1609131274,412139892,0.0,0.0
1609131274.5093486,1609131274,507544040,0.0,0.0
1609131274.6049085,1609131274,602861881,0.0,0.0
1609131274.7078495,1609131274,707273960,0.0,0.0
1609131274.8077486,1609131274,805895090,0.0,0.0
1609131274.912303,1609131274,910332918,0.0,0.0
1609131275.0037866,1609131275,3221035,0.0,0.0
1609131275.1112585,1609131275,109244108,0.0,0.0
1609131275.2189798,1609131275,217685937,0.0,0.0
1609131275.3097727,1609131275,308749914,0.0,0.0
1609131275.408127,1609131275,407063961,0.0,0.0
1609131275.51706,1609131275,514491081,0.0,0.0
1609131275.607915,1609131275,606471061,0.0,0.0
1609131275.7071307,1609131275,705264091,0.0,0.0
1609131275.8051705,1609131275,804240942,0.0,0.0
1609131275.9129043,1609131275,909564018,0.0,0.0
1609131276.0150723,1609131276,13895988,0.0,0.0
1609131276.1145039,1609131276,112934112,0.0,0.0
1609131276.2129889,1609131276,212424993,0.0,0.0
1609131276.3158598,1609131276,314352989,0.0,0.0
1609131276.4160328,1609131276,413814067,0.0,0.0
1609131276.518043,1609131276,515681028,0.0,0.0
1609131276.6168838,1609131276,615902900,0.0,0.0
1609131276.7097743,1609131276,708389997,0.0,0.0
1609131276.8051255,1609131276,803280115,0.0,0.0
1609131276.9019468,1609131276,900973081,0.0,0.0
1609131277.0096352,1609131277,8694887,0.0,0.0
1609131277.1149402,1609131277,113922119,0.0,0.0
1609131277.2068834,1609131277,206423044,0.0,0.0
1609131277.3085058,1609131277,307094097,0.0,0.0
1609131277.4146702,1609131277,409795999,0.0,0.0
1609131277.5148623,1609131277,512722969,0.0,0.0
1609131277.6116636,1609131277,610171079,-3.0,1.0
1609131277.7094917,1609131277,707329988,-3.0,1.0
1609131277.8064325,1609131277,804444074,-3.0,1.0
1609131277.9005837,1609131277,898864984,-6.0,4.0
1609131278.0065897,1609131278,4667043,-6.0,4.0
1609131278.1084886,1609131278,107304096,-6.0,3.0
1609131278.2068832,1609131278,205322027,-6.0,3.0
1609131278.3184252,1609131278,317353010,-6.0,3.0
1609131278.4200346,1609131278,419064044,-6.0,4.0
1609131278.5156984,1609131278,513500928,-6.0,4.0
1609131278.6130393,1609131278,611989021,-6.0,4.0
1609131278.718087,1609131278,715780019,-6.0,4.0
1609131278.8208766,1609131278,818367004,-6.0,4.0
1609131278.9230485,1609131278,920897006,-7.0,4.0
1609131279.0122323,1609131279,10416984,-7.0,4.0
1609131279.1092758,1609131279,107670068,-6.0,4.0
1609131279.2108085,1609131279,203569889,-6.0,4.0
1609131279.2968838,1609131279,295073032,-6.0,4.0
1609131279.4073262,1609131279,405761003,-6.0,4.0
1609131279.5087337,1609131279,507571935,-6.0,4.0
1609131279.6073644,1609131279,606240987,-6.0,4.0
1609131279.7058039,1609131279,703324079,-7.0,4.0
1609131279.801822,1609131279,800753116,-7.0,4.0
1609131279.9102688,1609131279,909284114,-7.0,4.0
1609131280.0106776,1609131280,9206056,-7.0,4.0
1609131280.1159663,1609131280,114608049,-7.0,4.0
1609131280.2091897,1609131280,206410884,-7.0,4.0
1609131280.3021896,1609131280,300854921,-7.0,4.0
1609131280.396262,1609131280,395771026,-6.0,4.0
1609131280.5099995,1609131280,509027004,-6.0,4.0
1609131280.604796,1609131280,604232072,-6.0,4.0
1609131280.7078488,1609131280,707314014,-6.0,4.0
1609131280.8163083,1609131280,815795898,-6.0,4.0
1609131280.9121902,1609131280,911725044,-7.0,4.0
1609131281.0084019,1609131281,6680011,-7.0,4.0
1609131281.112347,1609131281,110306024,-7.0,4.0
1609131281.213857,1609131281,211574077,-8.0,3.0
1609131281.3051796,1609131281,303567886,-8.0,3.0
1609131281.407885,1609131281,406980991,-8.0,3.0
1609131281.516093,1609131281,513911008,-7.0,4.0
1609131281.6075444,1609131281,607031106,-7.0,4.0
1609131281.7114584,1609131281,710069894,-6.0,4.0
1609131281.811281,1609131281,810053110,-6.0,4.0
1609131281.9092126,1609131281,907066106,-6.0,4.0
1609131282.01414,1609131282,12279033,-7.0,4.0
1609131282.1138444,1609131282,112752914,-7.0,4.0
1609131282.2218916,1609131282,219746112,-6.0,4.0
1609131282.3252597,1609131282,323441982,-6.0,4.0
1609131282.4278293,1609131282,426080942,-6.0,4.0
1609131282.5283265,1609131282,525969028,-7.0,4.0
1609131282.6330004,1609131282,631782054,-7.0,4.0
1609131282.7277205,1609131282,726001977,-7.0,4.0
1609131282.8217971,1609131282,819165945,-7.0,0.0
1609131282.9165514,1609131282,915785074,-7.0,0.0
1609131283.0163252,1609131283,13967990,0.0,0.0
1609131283.1220112,1609131283,120553016,0.0,0.0
1609131283.2257183,1609131283,222125053,0.0,0.0
1609131283.3213544,1609131283,320071935,0.0,0.0
1609131283.4161987,1609131283,414783954,0.0,0.0
1609131283.516834,1609131283,515640974,0.0,0.0
1609131283.6165817,1609131283,612473964,0.0,0.0
1609131283.700239,1609131283,699103116,0.0,0.0
1609131283.8089187,1609131283,807111024,0.0,0.0
1609131283.9118946,1609131283,910136938,0.0,0.0
1609131284.0110486,1609131284,9119987,0.0,0.0
1609131284.105455,1609131284,103827953,0.0,0.0
1609131284.213745,1609131284,213254928,0.0,0.0
1609131284.3174844,1609131284,316442966,0.0,0.0
1609131284.404374,1609131284,403179883,0.0,0.0
1609131284.510975,1609131284,509126901,0.0,0.0
1609131284.6105092,1609131284,608437061,0.0,0.0
1609131284.7065454,1609131284,705554008,0.0,0.0
1609131284.8169303,1609131284,816009998,0.0,0.0
1609131284.912209,1609131284,911030054,0.0,0.0
1609131285.0140152,1609131285,12481927,0.0,0.0
1609131285.114961,1609131285,112482070,0.0,0.0
1609131285.20822,1609131285,206872940,0.0,0.0
1609131285.3127055,1609131285,310741901,0.0,0.0
1609131285.4180133,1609131285,416671037,0.0,0.0
1609131285.5155447,1609131285,514031887,0.0,0.0
1609131285.6179097,1609131285,616846084,0.0,0.0
1609131285.715209,1609131285,714715003,0.0,0.0
1609131285.813725,1609131285,812416076,0.0,0.0
1609131285.9102468,1609131285,908915042,0.0,0.0
1609131286.0127485,1609131286,11825084,0.0,0.0
1609131286.1082604,1609131286,107717037,0.0,0.0
1609131286.2126734,1609131286,212188005,0.0,0.0
1609131286.311213,1609131286,310154914,0.0,0.0
1609131286.4123595,1609131286,410240888,0.0,0.0
1609131286.511817,1609131286,509960889,0.0,0.0
1609131286.6080153,1609131286,606187105,0.0,0.0
1609131286.7014818,1609131286,699649095,0.0,0.0
1609131286.8143687,1609131286,812300920,0.0,0.0
1609131286.9036872,1609131286,901897907,0.0,0.0
1609131287.005404,1609131287,3603935,0.0,0.0
1609131287.110196,1609131287,108568906,0.0,0.0
1609131287.2186043,1609131287,211667060,0.0,0.0
1609131287.317364,1609131287,316014051,0.0,0.0
1609131287.4157002,1609131287,413461923,0.0,0.0
1609131287.5153835,1609131287,514291048,0.0,0.0
1609131287.6119614,1609131287,610848903,0.0,0.0
1609131287.707065,1609131287,705399990,0.0,0.0
1609131287.8114629,1609131287,809195995,0.0,0.0
1609131287.9156501,1609131287,914558887,0.0,0.0
1609131288.0143776,1609131288,13926982,0.0,0.0
1609131288.1173627,1609131288,112093925,0.0,0.0
1609131288.2140388,1609131288,212362051,0.0,0.0
1609131288.3242395,1609131288,321461915,0.0,0.0
1609131288.4258516,1609131288,423226118,0.0,0.0
1609131288.52455,1609131288,523828029,0.0,0.0
1609131288.615979,1609131288,614872932,0.0,0.0
1609131288.711775,1609131288,710135936,-3.0,2.0
1609131288.8138578,1609131288,812263011,-3.0,2.0
1609131288.912848,1609131288,912324905,-6.0,4.0
1609131289.00697,1609131289,5697965,-6.0,4.0
1609131289.1069148,1609131289,105552911,-6.0,4.0
1609131289.2074163,1609131289,205472946,-7.0,3.0
1609131289.309984,1609131289,308094024,-7.0,3.0
1609131289.4067528,1609131289,404822111,-6.0,3.0
1609131289.5069296,1609131289,505387067,-6.0,4.0
1609131289.6068602,1609131289,605436086,-6.0,4.0
1609131289.7065654,1609131289,705302000,-6.0,3.0
1609131289.8181646,1609131289,816699981,-6.0,3.0
1609131289.9198177,1609131289,918518066,-6.0,3.0
1609131290.0133164,1609131290,11337995,-6.0,3.0
1609131290.1120353,1609131290,111016035,-6.0,3.0
1609131290.2135525,1609131290,211829900,-6.0,4.0
1609131290.308711,1609131290,306727886,-6.0,4.0
1609131290.4103644,1609131290,408895969,-6.0,4.0
1609131290.507842,1609131290,506536006,-6.0,4.0
1609131290.612473,1609131290,611299037,-6.0,4.0
1609131290.7133727,1609131290,711730003,-6.0,4.0
1609131290.8126037,1609131290,811166048,-6.0,3.0
1609131290.9082568,1609131290,906653881,-6.0,3.0
1609131291.0123806,1609131291,11224031,-6.0,4.0
1609131291.1112301,1609131291,109270095,-6.0,4.0
1609131291.2088068,1609131291,206834077,-6.0,4.0
1609131291.3099306,1609131291,309123039,-7.0,4.0
1609131291.408505,1609131291,406563043,-7.0,4.0
1609131291.5106242,1609131291,509845018,0.0,0.0
1609131291.61234,1609131291,610217094,0.0,0.0
1609131291.7013981,1609131291,699985027,0.0,0.0
1609131291.8071742,1609131291,806370973,0.0,0.0
1609131291.9075878,1609131291,907047033,0.0,0.0
1609131292.011129,1609131292,6810903,0.0,0.0
1609131292.1139205,1609131292,112915992,0.0,0.0
1609131292.2187676,1609131292,215415000,0.0,0.0
1609131292.3197916,1609131292,318325042,0.0,0.0
1609131292.416968,1609131292,415895938,0.0,0.0
1609131292.5094538,1609131292,507415056,0.0,0.0
1609131292.611076,1609131292,610640048,0.0,0.0
1609131292.7140958,1609131292,713128089,0.0,0.0
1609131292.8165247,1609131292,814106941,0.0,0.0
1609131292.9046347,1609131292,902703046,0.0,0.0
1609131293.008572,1609131293,8105039,0.0,0.0
1609131293.1148572,1609131293,111556053,0.0,0.0
1609131293.2132263,1609131293,211464881,0.0,0.0
1609131293.3083594,1609131293,306606054,0.0,0.0
1609131293.407659,1609131293,406213045,0.0,0.0
1609131293.5129254,1609131293,511925935,0.0,0.0
1609131293.6109376,1609131293,610368967,0.0,0.0
1609131293.7003417,1609131293,699860095,0.0,0.0
1609131293.8083272,1609131293,807837963,0.0,0.0
1609131293.8987775,1609131293,898232936,0.0,0.0
1609131294.0034626,1609131294,2088069,0.0,0.0
1609131294.1097505,1609131294,109229087,0.0,0.0
1609131294.214348,1609131294,212537050,0.0,0.0
1609131294.3169441,1609131294,315188884,0.0,0.0
1609131294.4087427,1609131294,407757043,0.0,0.0
1609131294.5026453,1609131294,502151012,0.0,0.0
1609131294.6115532,1609131294,610976934,0.0,0.0
1609131294.7028565,1609131294,699784994,0.0,0.0
1609131294.8161237,1609131294,815639019,0.0,0.0
1609131294.912091,1609131294,910438060,0.0,0.0
1609131295.0127134,1609131295,10930061,0.0,0.0
1609131295.10702,1609131295,106062889,0.0,0.0
1609131295.216764,1609131295,215749979,0.0,0.0
1609131295.315425,1609131295,313134908,0.0,0.0
1609131295.4179852,1609131295,415450096,0.0,0.0
1609131295.5109887,1609131295,508934020,0.0,0.0
1609131295.6107776,1609131295,608901023,0.0,0.0
1609131295.712292,1609131295,711805105,0.0,0.0
1609131295.8177392,1609131295,816354036,0.0,0.0
1609131295.9221218,1609131295,919619083,0.0,0.0
1609131296.0188754,1609131296,17488002,0.0,0.0
1609131296.1157565,1609131296,114787101,0.0,0.0
1609131296.2068985,1609131296,204866886,0.0,0.0
1609131296.3119338,1609131296,310626029,0.0,0.0
1609131296.4098775,1609131296,408186912,0.0,0.0
1609131296.5126584,1609131296,511208057,0.0,0.0
1609131296.6124074,1609131296,610630035,0.0,0.0
1609131296.7147882,1609131296,713577985,0.0,0.0
1609131296.8195195,1609131296,817442893,0.0,0.0
1609131296.9103205,1609131296,908957958,0.0,0.0
1609131297.0053272,1609131297,3031969,0.0,0.0
1609131297.1134233,1609131297,112143993,0.0,0.0
1609131297.2130647,1609131297,212228059,0.0,0.0
1609131297.3079417,1609131297,307019948,0.0,0.0
1609131297.4170308,1609131297,416023015,0.0,0.0
1609131297.5120285,1609131297,510288953,0.0,0.0
1609131297.6031013,1609131297,602170944,0.0,0.0
1609131297.7053716,1609131297,704876899,0.0,0.0
1609131297.808707,1609131297,807255029,0.0,0.0
1609131297.9085286,1609131297,907342910,0.0,0.0
1609131298.0142117,1609131298,13220071,0.0,0.0
1609131298.1137998,1609131298,112772941,0.0,0.0
1609131298.2089732,1609131298,207540035,0.0,0.0
1609131298.3185468,1609131298,316081047,0.0,0.0
1609131298.4157753,1609131298,413516044,0.0,0.0
1609131298.520498,1609131298,516526937,0.0,0.0
1609131298.6128178,1609131298,610718011,0.0,0.0
1609131298.707557,1609131298,705600976,0.0,0.0
1609131298.810196,1609131298,808203935,0.0,0.0
1609131298.9111214,1609131298,908478975,0.0,0.0
1609131299.0046751,1609131299,3434896,0.0,0.0
1609131299.1109166,1609131299,108875036,0.0,0.0
1609131299.2103202,1609131299,206569910,0.0,0.0
1609131299.3096707,1609131299,308410882,0.0,0.0
1609131299.4102783,1609131299,408911943,0.0,0.0
1609131299.5112572,1609131299,509803056,0.0,0.0
1609131299.6120884,1609131299,610122919,0.0,0.0
1609131299.7067432,1609131299,704847097,0.0,0.0
1609131299.820469,1609131299,818130016,0.0,0.0
1609131299.916465,1609131299,914371013,0.0,0.0
1609131300.0112226,1609131300,10726928,0.0,0.0
1609131300.1185415,1609131300,116364955,0.0,0.0
1609131300.2044435,1609131300,202588081,0.0,0.0
1609131300.3025694,1609131300,300929069,0.0,0.0
1609131300.4089198,1609131300,407718896,0.0,0.0
1609131300.5094438,1609131300,507688045,0.0,0.0
1609131300.6073287,1609131300,605729103,0.0,0.0
1609131300.7015734,1609131300,700368881,0.0,0.0
1609131300.8028588,1609131300,800976991,0.0,0.0
1609131300.914452,1609131300,913309097,0.0,0.0
1609131300.9963336,1609131300,995767116,0.0,0.0
1609131301.112094,1609131301,110567092,0.0,0.0
1609131301.2164824,1609131301,213746070,0.0,0.0
1609131301.3170087,1609131301,316498994,0.0,0.0
1609131301.4139624,1609131301,412328004,0.0,0.0
1609131301.510283,1609131301,509238004,0.0,0.0
1609131301.6068432,1609131301,606189012,0.0,0.0
1609131301.709297,1609131301,707240104,0.0,0.0
1609131301.8042727,1609131301,803807973,0.0,0.0
1609131301.9060931,1609131301,904359102,0.0,0.0
1609131302.0079844,1609131302,6728887,0.0,0.0
1609131302.1036792,1609131302,101783037,0.0,0.0
1609131302.20075,1609131302,199018955,0.0,0.0
1609131302.3086152,1609131302,306787967,0.0,0.0
1609131302.4083796,1609131302,406994104,0.0,0.0
1609131302.5095506,1609131302,507680892,0.0,0.0
1609131302.6055048,1609131302,603292942,0.0,0.0
1609131302.709253,1609131302,707835912,0.0,0.0
1609131302.8117785,1609131302,810425043,0.0,0.0
1609131302.915364,1609131302,912986993,0.0,0.0
1609131303.012455,1609131303,11172056,0.0,0.0
1609131303.1072185,1609131303,105967998,0.0,0.0
1609131303.2076137,1609131303,206335067,0.0,0.0
1609131303.3154263,1609131303,313627004,0.0,0.0
1609131303.4109461,1609131303,409312009,0.0,0.0
1609131303.5109043,1609131303,509490013,0.0,0.0
1609131303.6073668,1609131303,606903076,0.0,0.0
1609131303.7078075,1609131303,706751108,0.0,0.0
1609131303.8035605,1609131303,802273988,0.0,0.0
1609131303.9039838,1609131303,902642965,0.0,0.0
1609131304.0092072,1609131304,7381916,0.0,0.0
1609131304.1147666,1609131304,112787961,0.0,0.0
1609131304.2103963,1609131304,208501100,0.0,0.0
1609131304.30368,1609131304,302030086,0.0,0.0
1609131304.4074452,1609131304,404843091,0.0,0.0
1609131304.508736,1609131304,507014989,0.0,0.0
1609131304.6071005,1609131304,605494022,0.0,0.0
1609131304.7047896,1609131304,702790021,0.0,0.0
1609131304.8128316,1609131304,811027050,0.0,0.0
1609131304.90988,1609131304,908394098,0.0,0.0
1609131305.0084176,1609131305,6685018,0.0,0.0
1609131305.1103528,1609131305,108896017,0.0,0.0
1609131305.207421,1609131305,205591917,0.0,0.0
1609131305.317705,1609131305,316344976,0.0,0.0
1609131305.4175746,1609131305,416223049,0.0,0.0
1609131305.5188973,1609131305,516738891,0.0,0.0
1609131305.6081789,1609131305,606324911,0.0,0.0
1609131305.7092023,1609131305,708688020,0.0,0.0
1609131305.8161235,1609131305,814752101,0.0,0.0
1609131305.9094336,1609131305,908925056,0.0,0.0
1609131306.0022938,1609131306,1789093,0.0,0.0
1609131306.1043382,1609131306,102477073,0.0,0.0
1609131306.2112224,1609131306,209937095,0.0,0.0
1609131306.3177023,1609131306,315443992,0.0,0.0
1609131306.4221382,1609131306,420919895,0.0,0.0
1609131306.5239146,1609131306,522857904,0.0,0.0
1609131306.618882,1609131306,618076086,0.0,0.0
1609131306.7135806,1609131306,712733030,0.0,0.0
1609131306.8077598,1609131306,805687904,0.0,0.0
1609131306.9045737,1609131306,903449058,0.0,0.0
1609131306.999665,1609131306,997904062,0.0,0.0
1609131307.1069076,1609131307,105662107,0.0,0.0
1609131307.2067776,1609131307,205918073,0.0,0.0
1609131307.3130143,1609131307,311269998,0.0,0.0
1609131307.4079654,1609131307,406552076,0.0,0.0
1609131307.5081937,1609131307,505973100,0.0,0.0
1609131307.6137526,1609131307,611716032,0.0,0.0
1609131307.7151394,1609131307,714190959,0.0,0.0
1609131307.8130357,1609131307,811625003,0.0,0.0
1609131307.9154065,1609131307,914041042,0.0,0.0
1609131308.0182495,1609131308,15039920,0.0,0.0
1609131308.117733,1609131308,115597963,0.0,0.0
1609131308.2138064,1609131308,212047100,0.0,0.0
1609131308.3193352,1609131308,315599918,0.0,0.0
1609131308.4220266,1609131308,421339035,0.0,0.0
1609131308.5244563,1609131308,521207094,-5.0,0.0
1609131308.6189897,1609131308,618086099,-5.0,0.0
1609131308.7204044,1609131308,719455003,-5.0,0.0
1609131308.8251002,1609131308,824615955,-6.0,4.0
1609131308.9164782,1609131308,914151906,-6.0,4.0
1609131309.0082045,1609131309,5966901,-5.0,3.0
1609131309.1098394,1609131309,107894897,-5.0,3.0
1609131309.2076607,1609131309,206197977,-5.0,3.0
1609131309.3055975,1609131309,303102970,-7.0,4.0
1609131309.4131873,1609131309,411185026,-7.0,4.0
1609131309.5152621,1609131309,514060020,-7.0,4.0
1609131309.608035,1609131309,606343984,-7.0,3.0
1609131309.70733,1609131309,706511020,-7.0,3.0
1609131309.8082063,1609131309,806246995,-7.0,3.0
1609131309.9131527,1609131309,911346912,-7.0,3.0
1609131310.0149088,1609131310,13328075,-7.0,3.0
1609131310.1144304,1609131310,113910913,-7.0,4.0
1609131310.2118533,1609131310,209829092,-7.0,4.0
1609131310.3169153,1609131310,315047979,-7.0,4.0
1609131310.412761,1609131310,411926031,-7.0,4.0
1609131310.5124214,1609131310,509949922,-7.0,4.0
1609131310.611447,1609131310,609951972,-7.0,4.0
1609131310.712837,1609131310,710594892,-7.0,4.0
1609131310.819601,1609131310,818953037,-7.0,4.0
1609131310.9233587,1609131310,920974016,-7.0,4.0
1609131311.0191429,1609131311,18023967,-7.0,4.0
1609131311.1160083,1609131311,113567113,-7.0,4.0
1609131311.20323,1609131311,201989889,-7.0,4.0
1609131311.3177521,1609131311,316926956,-7.0,4.0
1609131311.4092596,1609131311,408097982,-7.0,3.0
1609131311.5117443,1609131311,511181116,-7.0,3.0
1609131311.6077125,1609131311,606708049,-7.0,4.0
1609131311.7128425,1609131311,711556911,-7.0,4.0
1609131311.8130457,1609131311,811777114,-7.0,4.0
1609131311.9049308,1609131311,902934074,-7.0,4.0
1609131312.0054789,1609131312,3586053,-7.0,4.0
1609131312.1042387,1609131312,103748083,-6.0,3.0
1609131312.2083342,1609131312,206458091,-6.0,3.0
1609131312.304724,1609131312,303802013,-6.0,3.0
1609131312.4130335,1609131312,412065029,-7.0,3.0
1609131312.5154016,1609131312,514272928,-7.0,3.0
1609131312.615062,1609131312,614620923,-7.0,3.0
1609131312.713481,1609131312,711642980,-7.0,3.0
1609131312.8103735,1609131312,809432983,-7.0,3.0
1609131312.8999667,1609131312,897991895,-6.0,3.0
1609131313.005837,1609131313,4682064,-6.0,3.0
1609131313.1009245,1609131313,98726987,-6.0,3.0
1609131313.2112467,1609131313,209225893,-6.0,4.0
1609131313.310184,1609131313,308259010,-6.0,4.0
1609131313.408982,1609131313,406768083,-6.0,4.0
1609131313.5129483,1609131313,511400938,-6.0,4.0
1609131313.6109028,1609131313,609441995,-6.0,4.0
1609131313.708229,1609131313,706239938,-8.0,3.0
1609131313.802947,1609131313,801064968,-8.0,3.0
1609131313.911836,1609131313,909956932,-7.0,4.0
1609131314.006693,1609131314,5086898,-7.0,4.0
1609131314.107344,1609131314,106321096,-7.0,4.0
1609131314.2136986,1609131314,211782932,-6.0,4.0
1609131314.3108714,1609131314,310019969,-6.0,4.0
1609131314.411007,1609131314,409744977,-6.0,4.0
1609131314.5206776,1609131314,517966032,-6.0,4.0
1609131314.6200736,1609131314,616089105,-6.0,4.0
1609131314.7143564,1609131314,712244033,-6.0,3.0
1609131314.8091602,1609131314,807884931,-6.0,3.0
1609131314.9056213,1609131314,903711080,-6.0,3.0
1609131315.0067043,1609131315,5892992,-7.0,4.0
1609131315.1043952,1609131315,102230072,-7.0,4.0
1609131315.2203696,1609131315,219235897,-6.0,3.0
1609131315.3299127,1609131315,328232049,-6.0,3.0
1609131315.416497,1609131315,415611028,-6.0,3.0
1609131315.5251477,1609131315,523713111,-7.0,3.0
1609131315.616775,1609131315,615875005,-7.0,3.0
1609131315.7112217,1609131315,710248947,-7.0,4.0
1609131315.8173194,1609131315,816292047,-7.0,4.0
1609131315.9176798,1609131315,916718006,-7.0,4.0
1609131316.0136113,1609131316,11662006,-7.0,3.0
1609131316.1121843,1609131316,111721038,-7.0,3.0
1609131316.2097483,1609131316,209249019,-7.0,3.0
1609131316.3080957,1609131316,306643962,-7.0,4.0
1609131316.4101055,1609131316,408636093,-7.0,4.0
1609131316.512244,1609131316,511365890,-6.0,4.0
1609131316.6209116,1609131316,619645118,-6.0,4.0
1609131316.7182808,1609131316,717793941,-6.0,4.0
1609131316.8177378,1609131316,817018032,-7.0,3.0
1609131316.9160485,1609131316,914802074,-7.0,3.0
1609131317.0082135,1609131317,6377935,-7.0,3.0
1609131317.1152291,1609131317,114725112,-7.0,3.0
1609131317.212256,1609131317,210268974,-7.0,3.0
1609131317.3153543,1609131317,314358949,-7.0,4.0
1609131317.4100068,1609131317,408895969,-7.0,4.0
1609131317.5145535,1609131317,513587951,-7.0,4.0
1609131317.6139398,1609131317,612940073,-7.0,4.0
1609131317.7144222,1609131317,712636947,-7.0,4.0
1609131317.8183596,1609131317,815994977,-6.0,3.0
1609131317.9162579,1609131317,915752887,-6.0,3.0
1609131318.0159512,1609131318,13626098,-2.0,3.0
1609131318.1107614,1609131318,109333038,-2.0,0.0
1609131318.2117457,1609131318,210517883,-2.0,0.0
1609131318.3177798,1609131318,317292928,0.0,0.0
1609131318.4195426,1609131318,417310953,0.0,0.0
1609131318.520838,1609131318,519932031,0.0,0.0
1609131318.6219454,1609131318,619875907,0.0,0.0
1609131318.7220929,1609131318,719819068,0.0,0.0
1609131318.8139188,1609131318,812053918,0.0,0.0
1609131318.9164462,1609131318,914861917,0.0,0.0
1609131319.0061734,1609131319,5213022,0.0,0.0
1609131319.1153996,1609131319,113145112,0.0,0.0
1609131319.2028852,1609131319,202339887,0.0,0.0
1609131319.3112452,1609131319,308360099,0.0,0.0
1609131319.4069507,1609131319,404835939,0.0,0.0
1609131319.5099914,1609131319,508028030,0.0,0.0
1609131319.60699,1609131319,605998039,0.0,0.0
1609131319.7093604,1609131319,708291053,0.0,0.0
1609131319.809031,1609131319,808060884,0.0,0.0
1609131319.9124157,1609131319,910995960,0.0,0.0
1609131320.0032833,1609131320,2707958,0.0,0.0
1609131320.1063204,1609131320,103976011,0.0,0.0
1609131320.2027822,1609131320,202322959,0.0,0.0
1609131320.302542,1609131320,301071882,0.0,0.0
1609131320.4104977,1609131320,409204959,0.0,0.0
1609131320.5012925,1609131320,500355958,0.0,0.0
1609131320.6105652,1609131320,609157085,0.0,0.0
1609131320.707149,1609131320,706149101,0.0,0.0
1609131320.8102732,1609131320,809289932,0.0,0.0
1609131320.9058733,1609131320,904383897,0.0,0.0
1609131321.0127144,1609131321,11693000,0.0,0.0
1609131321.1107464,1609131321,109271049,0.0,0.0
1609131321.2098782,1609131321,208656072,0.0,0.0
1609131321.3127449,1609131321,312293052,0.0,0.0
1609131321.4103477,1609131321,408502101,0.0,0.0
1609131321.5181432,1609131321,517513990,0.0,0.0
1609131321.6249084,1609131321,622796058,0.0,0.0
1609131321.7262797,1609131321,723297119,0.0,0.0
1609131321.828947,1609131321,827553987,0.0,0.0
1609131321.927722,1609131321,925462007,0.0,0.0
1609131322.024735,1609131322,22644042,0.0,0.0
1609131322.1190112,1609131322,118021011,0.0,0.0
1609131322.2337747,1609131322,228702068,0.0,0.0
1609131322.3350885,1609131322,333823919,0.0,0.0
1609131322.4381242,1609131322,435425043,0.0,0.0
1609131322.5389955,1609131322,537689924,0.0,0.0
1609131322.634045,1609131322,633564949,0.0,0.0
1609131322.7304773,1609131322,728267908,0.0,0.0
1609131322.8258297,1609131322,825387001,0.0,0.0
1609131322.9278975,1609131322,926013946,0.0,0.0
1609131323.0208106,1609131323,18515110,0.0,0.0
1609131323.1133504,1609131323,112087011,0.0,0.0
1609131323.2083766,1609131323,207551956,0.0,0.0
1609131323.3163812,1609131323,314920902,0.0,0.0
1609131323.4118462,1609131323,410103082,0.0,0.0
1609131323.5107546,1609131323,509960889,0.0,0.0
1609131323.6059928,1609131323,605463027,0.0,0.0
1609131323.7078986,1609131323,706634998,0.0,0.0
1609131323.812275,1609131323,811269998,0.0,0.0
1609131323.9131382,1609131323,911676883,0.0,0.0
1609131324.0049648,1609131324,2804040,0.0,0.0
1609131324.096035,1609131324,94907045,0.0,0.0
1609131324.2046127,1609131324,204090118,0.0,0.0
1609131324.3161595,1609131324,314606904,0.0,0.0
1609131324.4074216,1609131324,406788110,0.0,0.0
1609131324.5085819,1609131324,507175922,0.0,0.0
1609131324.6077142,1609131324,606976985,0.0,0.0
1609131324.7087517,1609131324,707727909,0.0,0.0
1609131324.8035636,1609131324,801656961,0.0,0.0
1609131324.9098706,1609131324,909404993,0.0,0.0
1609131325.0147233,1609131325,12511968,0.0,0.0
1609131325.1176155,1609131325,117158889,0.0,0.0
1609131325.21411,1609131325,212681055,0.0,0.0
1609131325.3053153,1609131325,303736925,0.0,0.0
1609131325.4108012,1609131325,409898042,0.0,0.0
1609131325.5145636,1609131325,512845993,0.0,0.0
1609131325.6181095,1609131325,615921020,0.0,0.0
1609131325.7146225,1609131325,714127063,0.0,0.0
1609131325.8076255,1609131325,806299924,0.0,0.0
1609131325.9156086,1609131325,913491010,0.0,0.0
1609131326.0075965,1609131326,5520105,0.0,0.0
1609131326.1127875,1609131326,111134052,0.0,0.0
1609131326.2136548,1609131326,211464881,0.0,0.0
1609131326.312359,1609131326,311275959,0.0,0.0
1609131326.404889,1609131326,403213024,0.0,0.0
1609131326.5107687,1609131326,508337020,0.0,0.0
1609131326.6123,1609131326,611390113,0.0,0.0
1609131326.71028,1609131326,708416938,0.0,0.0
1609131326.8117275,1609131326,809767007,0.0,0.0
1609131326.9071996,1609131326,905808925,0.0,0.0
1609131327.0026455,1609131327,1796007,0.0,0.0
1609131327.1098235,1609131327,109126091,0.0,0.0
1609131327.2048247,1609131327,203808069,0.0,0.0
1609131327.3071592,1609131327,306662082,0.0,0.0
1609131327.415171,1609131327,412846088,0.0,0.0
1609131327.5110466,1609131327,510251045,0.0,0.0
1609131327.6100569,1609131327,609150886,0.0,0.0
1609131327.7107882,1609131327,709788084,0.0,0.0
1609131327.8175344,1609131327,815071105,0.0,0.0
1609131327.915895,1609131327,913444995,0.0,0.0
1609131328.012818,1609131328,10814905,0.0,0.0
1609131328.1024907,1609131328,101993083,0.0,0.0
1609131328.2131739,1609131328,212702035,0.0,0.0
1609131328.3215833,1609131328,320693969,0.0,0.0
1609131328.411849,1609131328,410801887,0.0,0.0
1609131328.5049977,1609131328,503717899,0.0,0.0
1609131328.6115923,1609131328,610601902,0.0,0.0
1609131328.7069743,1609131328,705426931,0.0,0.0
1609131328.8203762,1609131328,811774015,0.0,0.0
1609131328.9102216,1609131328,908358097,-2.0,2.0
1609131329.004787,1609131329,3215074,-2.0,2.0
1609131329.116434,1609131329,115940093,-6.0,4.0
1609131329.2147095,1609131329,213684082,-6.0,4.0
1609131329.3085895,1609131329,306838035,-6.0,4.0
1609131329.41113,1609131329,408905029,-7.0,3.0
1609131329.5169926,1609131329,514873027,-7.0,3.0
1609131329.6049783,1609131329,603219032,-7.0,3.0
1609131329.7039738,1609131329,703413009,-7.0,4.0
1609131329.8004165,1609131329,798827886,-7.0,4.0
1609131329.9097881,1609131329,907937049,-7.0,4.0
1609131330.0156126,1609131330,14564037,-7.0,4.0
1609131330.1204312,1609131330,119056940,-7.0,4.0
1609131330.2123337,1609131330,211059093,-7.0,4.0
1609131330.319207,1609131330,317195892,-7.0,4.0
1609131330.4204404,1609131330,417207002,-7.0,4.0
1609131330.5131297,1609131330,511604070,-7.0,4.0
1609131330.6185548,1609131330,617225885,-7.0,4.0
1609131330.727171,1609131330,725857973,-7.0,4.0
1609131330.8273304,1609131330,825544118,-7.0,4.0
1609131330.9190876,1609131330,917795896,-6.0,3.0
1609131331.010848,1609131331,9912967,-6.0,3.0
1609131331.1138542,1609131331,112020969,-6.0,3.0
1609131331.2139919,1609131331,212115049,-7.0,4.0
1609131331.305028,1609131331,304491996,-7.0,4.0
1609131331.4107254,1609131331,409461021,-7.0,4.0
1609131331.5164666,1609131331,513437032,-7.0,4.0
1609131331.6116152,1609131331,610341072,-7.0,4.0
1609131331.7097847,1609131331,708261966,-6.0,3.0
1609131331.807803,1609131331,805763959,-6.0,3.0
1609131331.9130356,1609131331,912534952,-6.0,3.0
1609131332.0124125,1609131332,10535955,-6.0,4.0
1609131332.1088505,1609131332,107760906,-6.0,4.0
1609131332.2137547,1609131332,213268041,-7.0,4.0
1609131332.321011,1609131332,318628072,-7.0,4.0
1609131332.4159584,1609131332,415353059,-7.0,4.0
1609131332.5189161,1609131332,518146038,-7.0,3.0
1609131332.6232944,1609131332,622076988,-7.0,3.0
1609131332.724591,1609131332,721755981,-6.0,3.0
1609131332.8291316,1609131332,826859951,-6.0,3.0
1609131332.9236393,1609131332,921226024,-6.0,3.0
1609131333.022664,1609131333,21296024,-6.0,4.0
1609131333.1136787,1609131333,113135099,-6.0,4.0
1609131333.208852,1609131333,208424091,-6.0,4.0
1609131333.307395,1609131333,306561946,-6.0,3.0
1609131333.4114547,1609131333,409661054,-6.0,3.0
1609131333.4990058,1609131333,498373985,-8.0,4.0
1609131333.607777,1609131333,606349945,-8.0,4.0
1609131333.716731,1609131333,714432954,-8.0,4.0
1609131333.8161862,1609131333,814627885,-7.0,4.0
1609131333.910654,1609131333,909219026,-7.0,4.0
1609131334.0105276,1609131334,9809970,-7.0,4.0
1609131334.1151834,1609131334,112955093,-7.0,3.0
1609131334.2076335,1609131334,207037925,-7.0,3.0
1609131334.3227637,1609131334,321599006,-7.0,4.0
1609131334.413873,1609131334,412452936,-7.0,4.0
1609131334.5198216,1609131334,518106937,-6.0,4.0
1609131334.6163456,1609131334,615299940,-6.0,4.0
1609131334.7090445,1609131334,707343101,-6.0,4.0
1609131334.8089488,1609131334,807590961,-7.0,4.0
1609131334.9124186,1609131334,911007881,-7.0,4.0
1609131335.010284,1609131335,8690118,-7.0,4.0
1609131335.1085176,1609131335,107424020,-7.0,4.0
1609131335.2088037,1609131335,208359956,-7.0,4.0
1609131335.3065722,1609131335,305643081,-6.0,4.0
1609131335.411009,1609131335,408788919,-6.0,4.0
1609131335.5124388,1609131335,510971069,-6.0,4.0
1609131335.6069126,1609131335,605582952,-7.0,4.0
1609131335.7162485,1609131335,713963031,-7.0,4.0
1609131335.8096006,1609131335,809106111,-7.0,4.0
1609131335.9062705,1609131335,905472040,-7.0,4.0
1609131336.000179,1609131335,999111890,-7.0,4.0
1609131336.1106243,1609131336,108978986,-7.0,4.0
1609131336.20526,1609131336,204201936,-7.0,4.0
1609131336.3132012,1609131336,311371088,-6.0,4.0
1609131336.423334,1609131336,421449899,-6.0,4.0
1609131336.522442,1609131336,520235061,-6.0,4.0
1609131336.6148164,1609131336,614336013,-7.0,4.0
1609131336.7105923,1609131336,709595918,-7.0,4.0
1609131336.8159392,1609131336,814888954,-7.0,4.0
1609131336.908125,1609131336,907074928,-7.0,4.0
1609131337.0044703,1609131337,3353118,-7.0,4.0
1609131337.1108947,1609131337,110398054,-6.0,2.0
1609131337.2178485,1609131337,215121030,-6.0,2.0
1609131337.320762,1609131337,317866086,-6.0,2.0
1609131337.4132435,1609131337,412648916,0.0,0.0
1609131337.515467,1609131337,513326883,0.0,0.0
1609131337.6026337,1609131337,601718902,0.0,0.0
1609131337.7094643,1609131337,707665920,0.0,0.0
1609131337.8053668,1609131337,804568052,0.0,0.0
1609131337.8998303,1609131337,897893905,0.0,0.0
1609131338.0061066,1609131338,4656076,0.0,0.0
1609131338.1042588,1609131338,102668046,0.0,0.0
1609131338.211109,1609131338,210016965,0.0,0.0
1609131338.3082623,1609131338,305496931,0.0,0.0
1609131338.4127612,1609131338,410722017,0.0,0.0
1609131338.5214038,1609131338,518469095,0.0,0.0
1609131338.6134624,1609131338,611248970,0.0,0.0
1609131338.7145863,1609131338,714106082,0.0,0.0
1609131338.823841,1609131338,823052883,0.0,0.0
1609131338.9191792,1609131338,916872024,0.0,0.0
1609131339.0107334,1609131339,9144067,0.0,0.0
1609131339.1092818,1609131339,108501911,0.0,0.0
1609131339.2130768,1609131339,211715936,0.0,0.0
1609131339.3080087,1609131339,307385921,0.0,0.0
1609131339.4162226,1609131339,415152072,0.0,0.0
1609131339.5163956,1609131339,514902114,0.0,0.0
1609131339.6195095,1609131339,616111040,0.0,0.0
1609131339.725277,1609131339,722783088,0.0,0.0
1609131339.8227634,1609131339,821434020,0.0,0.0
1609131339.920876,1609131339,919329881,0.0,0.0
1609131340.0158641,1609131340,14231920,0.0,0.0
1609131340.1117556,1609131340,110770940,0.0,0.0
1609131340.2101123,1609131340,208348989,0.0,0.0
1609131340.3089566,1609131340,308298110,0.0,0.0
1609131340.410936,1609131340,410454034,0.0,0.0
1609131340.5106397,1609131340,509152889,0.0,0.0
1609131340.6126387,1609131340,612131118,0.0,0.0
1609131340.7105656,1609131340,708676099,0.0,0.0
1609131340.808766,1609131340,807555913,0.0,0.0
1609131340.9093142,1609131340,908775091,0.0,0.0
1609131340.9969876,1609131340,996175050,0.0,0.0
1609131341.107968,1609131341,107099056,0.0,0.0
1609131341.2098296,1609131341,208897113,0.0,0.0
1609131341.31163,1609131341,309770107,0.0,0.0
1609131341.4071703,1609131341,406685113,0.0,0.0
1609131341.5078766,1609131341,506530046,0.0,0.0
1609131341.6017854,1609131341,600403070,0.0,0.0
1609131341.7035122,1609131341,701693058,0.0,0.0
1609131341.8181055,1609131341,815984010,0.0,0.0
1609131341.9190137,1609131341,918056011,0.0,0.0
1609131342.015448,1609131342,13191938,0.0,0.0
1609131342.110109,1609131342,108035087,0.0,0.0
1609131342.205958,1609131342,203644990,0.0,0.0
1609131342.3044403,1609131342,302690982,0.0,0.0
1609131342.4080548,1609131342,405596971,0.0,0.0
1609131342.5085738,1609131342,506517887,0.0,0.0
1609131342.6121142,1609131342,610579967,0.0,0.0
1609131342.7129893,1609131342,710598945,0.0,0.0
1609131342.818076,1609131342,816845893,-2.0,1.0
1609131342.9240546,1609131342,922555923,-2.0,1.0
1609131343.0210283,1609131343,19686937,-6.0,1.0
1609131343.121401,1609131343,120356082,-6.0,4.0
1609131343.220694,1609131343,219887971,-6.0,4.0
1609131343.3175237,1609131343,315162897,-7.0,4.0
1609131343.4119477,1609131343,410098075,-7.0,4.0
1609131343.5138452,1609131343,511804103,-7.0,4.0
1609131343.6157265,1609131343,614954948,-5.0,3.0
1609131343.721226,1609131343,719826936,-5.0,3.0
1609131343.8233294,1609131343,820827960,-7.0,4.0
1609131343.9222813,1609131343,918725013,-7.0,4.0
1609131344.0146139,1609131344,12861013,-7.0,4.0
1609131344.1140578,1609131344,113451004,-7.0,4.0
1609131344.2138026,1609131344,213025093,-7.0,4.0
1609131344.3024843,1609131344,301666021,-7.0,4.0
1609131344.4060779,1609131344,404850959,-7.0,3.0
1609131344.5154302,1609131344,512948036,-7.0,3.0
1609131344.615113,1609131344,613720893,-7.0,4.0
1609131344.7066736,1609131344,706186056,-7.0,4.0
1609131344.807622,1609131344,806082010,-7.0,4.0
1609131344.9179897,1609131344,916702985,-7.0,4.0
1609131345.0095577,1609131345,8372068,-7.0,4.0
1609131345.1079612,1609131345,106641054,-7.0,4.0
1609131345.2083492,1609131345,206657886,-7.0,4.0
1609131345.324029,1609131345,321145057,-7.0,4.0
1609131345.4131138,1609131345,410960912,-6.0,4.0
1609131345.5017378,1609131345,499675035,-6.0,4.0
1609131345.6155703,1609131345,613905906,-7.0,4.0
1609131345.7155557,1609131345,713411092,-7.0,4.0
1609131345.803553,1609131345,803060054,-7.0,4.0
1609131345.90403,1609131345,902780055,-6.0,4.0
1609131346.0017529,1609131345,999900102,-6.0,4.0
1609131346.1131492,1609131346,111131906,-7.0,4.0
1609131346.2092423,1609131346,208724975,-7.0,4.0
1609131346.3102956,1609131346,308355093,-7.0,4.0
1609131346.4214694,1609131346,419012069,-6.0,4.0
1609131346.5204546,1609131346,517277002,-6.0,4.0
1609131346.6243446,1609131346,623847961,-6.0,4.0
1609131346.722941,1609131346,722417116,-6.0,3.0
1609131346.8222053,1609131346,820930957,-6.0,3.0
1609131346.9198396,1609131346,917349100,-7.0,4.0
1609131347.0137146,1609131347,11593103,-7.0,4.0
1609131347.1016357,1609131347,100157976,-7.0,4.0
1609131347.2098274,1609131347,208379030,-6.0,4.0
1609131347.3096645,1609131347,308245897,-6.0,4.0
1609131347.4132524,1609131347,411091089,-6.0,3.0
1609131347.513074,1609131347,511836051,-6.0,3.0
1609131347.6025634,1609131347,601299047,-6.0,3.0
1609131347.7131565,1609131347,712100028,-6.0,3.0
1609131347.8160071,1609131347,814028978,-6.0,3.0
1609131347.9111116,1609131347,909328937,-6.0,3.0
1609131348.0083036,1609131348,7019042,-6.0,3.0
1609131348.104435,1609131348,103940963,-6.0,3.0
1609131348.2138216,1609131348,212025880,-6.0,3.0
1609131348.3247936,1609131348,323322057,-6.0,3.0
1609131348.4134557,1609131348,412935018,-6.0,3.0
1609131348.5208194,1609131348,516366958,-6.0,4.0
1609131348.6197343,1609131348,618240118,-6.0,4.0
1609131348.71179,1609131348,709979057,-6.0,4.0
1609131348.812894,1609131348,811124086,-6.0,4.0
1609131348.9183044,1609131348,916099071,-6.0,4.0
1609131349.0109472,1609131349,10360002,-7.0,4.0
1609131349.1053066,1609131349,103704929,-7.0,4.0
1609131349.2127504,1609131349,211003065,-5.0,4.0
1609131349.3050525,1609131349,303323984,-5.0,3.0
1609131349.4077587,1609131349,406605958,-5.0,3.0
1609131349.5077198,1609131349,505934000,-7.0,3.0
1609131349.6097922,1609131349,608838081,-7.0,3.0
1609131349.7081478,1609131349,706636905,-7.0,3.0
1609131349.8037686,1609131349,803212881,-6.0,3.0
1609131349.9175751,1609131349,916460990,-6.0,3.0
1609131350.0184817,1609131350,16045093,-7.0,4.0
1609131350.1097937,1609131350,108083009,-7.0,4.0
1609131350.2070713,1609131350,205990076,-7.0,4.0
1609131350.3160994,1609131350,313915967,-7.0,4.0
1609131350.4156208,1609131350,414268016,-7.0,4.0
1609131350.5203502,1609131350,516427040,-7.0,3.0
1609131350.6176174,1609131350,616827011,-7.0,3.0
1609131350.7166302,1609131350,714251995,-7.0,3.0
1609131350.8201528,1609131350,818053960,-5.0,3.0
1609131350.921289,1609131350,919039011,-5.0,3.0
1609131351.0197337,1609131351,17606019,0.0,0.0
1609131351.1149082,1609131351,114444971,0.0,0.0
1609131351.2061656,1609131351,204380035,0.0,0.0
1609131351.3101063,1609131351,309636116,0.0,0.0
1609131351.4115434,1609131351,409950971,0.0,0.0
1609131351.5039864,1609131351,502163887,0.0,0.0
1609131351.6039326,1609131351,602303028,0.0,0.0
1609131351.707891,1609131351,705624103,0.0,0.0
1609131351.8095222,1609131351,806982994,0.0,0.0
1609131351.9124267,1609131351,910790920,0.0,0.0
1609131352.012453,1609131352,10996103,0.0,0.0
1609131352.1215007,1609131352,120601892,0.0,0.0
1609131352.2291372,1609131352,226948976,0.0,0.0
1609131352.3279433,1609131352,326476097,0.0,0.0
1609131352.420935,1609131352,418689012,0.0,0.0
1609131352.5154662,1609131352,513946056,0.0,0.0
1609131352.60845,1609131352,606766939,0.0,0.0
1609131352.7062035,1609131352,705419063,0.0,0.0
1609131352.8082292,1609131352,806040048,0.0,0.0
1609131352.914014,1609131352,912326097,0.0,0.0
1609131353.0082934,1609131353,6515979,0.0,0.0
1609131353.103089,1609131353,101716041,0.0,0.0
1609131353.2111986,1609131353,209233045,0.0,0.0
1609131353.3092601,1609131353,308105945,0.0,0.0
1609131353.4117079,1609131353,409871101,0.0,0.0
1609131353.5077271,1609131353,506428003,0.0,0.0
1609131353.6189876,1609131353,617513895,0.0,0.0
1609131353.7139049,1609131353,713044881,0.0,0.0
1609131353.812534,1609131353,810519933,0.0,0.0
1609131353.912968,1609131353,911089897,0.0,0.0
1609131354.0116215,1609131354,9877920,0.0,0.0
1609131354.1073272,1609131354,105292081,0.0,0.0
1609131354.2142477,1609131354,212259054,0.0,0.0
1609131354.323385,1609131354,321981906,0.0,0.0
1609131354.4190326,1609131354,418526887,0.0,0.0
1609131354.519578,1609131354,519018888,0.0,0.0
1609131354.609055,1609131354,608491897,0.0,0.0
1609131354.7052915,1609131354,703670024,0.0,0.0
1609131354.8128266,1609131354,811012029,0.0,0.0
1609131354.9104617,1609131354,908801078,0.0,0.0
1609131355.0073004,1609131355,6753921,0.0,0.0
1609131355.112971,1609131355,111588001,0.0,0.0
1609131355.2082415,1609131355,206240892,0.0,0.0
1609131355.3053856,1609131355,304085016,0.0,0.0
1609131355.4112363,1609131355,410012006,0.0,0.0
1609131355.5140536,1609131355,512464046,0.0,0.0
1609131355.6071064,1609131355,605056047,0.0,0.0
1609131355.7042873,1609131355,702836990,0.0,0.0
1609131355.8172166,1609131355,815628051,0.0,0.0
1609131355.9110222,1609131355,910526037,0.0,0.0
1609131356.007037,1609131356,5348920,0.0,0.0
1609131356.103223,1609131356,102720975,0.0,0.0
1609131356.20407,1609131356,202639102,0.0,0.0
1609131356.3062234,1609131356,305723905,0.0,0.0
1609131356.4139054,1609131356,413430929,0.0,0.0
1609131356.513122,1609131356,511265993,0.0,0.0
1609131356.6122017,1609131356,610349893,0.0,0.0
1609131356.7135491,1609131356,711834907,0.0,0.0
1609131356.8105123,1609131356,808916091,0.0,0.0
1609131356.9118297,1609131356,911328077,0.0,0.0
1609131357.0069842,1609131357,6525993,0.0,0.0
1609131357.112747,1609131357,112261056,0.0,0.0
1609131357.217015,1609131357,214658021,0.0,0.0
1609131357.3118885,1609131357,310137033,0.0,0.0
1609131357.4139829,1609131357,412117958,0.0,0.0
1609131357.520028,1609131357,517765998,0.0,0.0
1609131357.6011703,1609131357,599462985,0.0,0.0
1609131357.7059832,1609131357,705446958,0.0,0.0
1609131357.806159,1609131357,804680109,0.0,0.0
1609131357.909752,1609131357,907768964,0.0,0.0
1609131358.0151513,1609131358,13988971,0.0,0.0
1609131358.1133292,1609131358,111393928,0.0,0.0
1609131358.2119274,1609131358,211370944,0.0,0.0
1609131358.3079572,1609131358,307436943,0.0,0.0
1609131358.4096231,1609131358,406188011,0.0,0.0
1609131358.515117,1609131358,513149023,0.0,0.0
1609131358.611377,1609131358,610409975,0.0,0.0
1609131358.711054,1609131358,710570096,0.0,0.0
1609131358.8172686,1609131358,815799951,0.0,0.0
1609131358.9150207,1609131358,913969993,0.0,0.0
1609131359.0151944,1609131359,14235973,0.0,0.0
1609131359.1178381,1609131359,115864992,0.0,0.0
1609131359.2153227,1609131359,213972091,0.0,0.0
1609131359.3194468,1609131359,317193984,0.0,0.0
1609131359.4179063,1609131359,416887998,0.0,0.0
1609131359.5080845,1609131359,506738901,0.0,0.0
1609131359.615095,1609131359,614639997,0.0,0.0
1609131359.7135723,1609131359,711775064,0.0,0.0
1609131359.8078487,1609131359,807272911,0.0,0.0
1609131359.9088016,1609131359,906963109,0.0,0.0
1609131360.013981,1609131360,12963056,0.0,0.0
1609131360.116351,1609131360,115797042,0.0,0.0
1609131360.2152305,1609131360,212718963,0.0,0.0
1609131360.3183255,1609131360,315932035,0.0,0.0
1609131360.419743,1609131360,418663978,0.0,0.0
1609131360.5225222,1609131360,521251916,0.0,0.0
1609131360.6231484,1609131360,621778011,0.0,0.0
1609131360.7249348,1609131360,723912954,0.0,0.0
1609131360.8156369,1609131360,814254045,0.0,0.0
1609131360.9133754,1609131360,911128997,0.0,0.0
1609131361.0104678,1609131361,8949995,0.0,0.0
1609131361.1074097,1609131361,106080055,0.0,0.0
1609131361.2103157,1609131361,208444118,0.0,0.0
1609131361.318796,1609131361,317198991,0.0,0.0
1609131361.419705,1609131361,418241024,0.0,0.0
1609131361.5243783,1609131361,521949052,0.0,0.0
1609131361.6202886,1609131361,619800090,0.0,0.0
1609131361.7179806,1609131361,715369939,0.0,0.0
1609131361.8235543,1609131361,820959091,0.0,0.0
1609131361.9146006,1609131361,913666963,0.0,0.0
1609131362.0157063,1609131362,13525962,0.0,0.0
1609131362.1057904,1609131362,105277061,0.0,0.0
1609131362.2122953,1609131362,211090087,0.0,0.0
1609131362.311749,1609131362,311181068,0.0,0.0
1609131362.4110377,1609131362,408356904,0.0,0.0
1609131362.514323,1609131362,513117074,0.0,0.0
1609131362.6212282,1609131362,620723962,0.0,0.0
1609131362.7150474,1609131362,714106082,0.0,0.0
1609131362.8018425,1609131362,801011085,0.0,0.0
1609131362.905187,1609131362,903788089,0.0,0.0
1609131363.002587,1609131363,1211881,0.0,0.0
1609131363.1086857,1609131363,107665061,0.0,0.0
1609131363.213697,1609131363,212140083,0.0,0.0
1609131363.3193998,1609131363,317128896,0.0,0.0
1609131363.416282,1609131363,414865016,0.0,0.0
1609131363.5105674,1609131363,509149074,0.0,0.0
1609131363.613877,1609131363,613296031,0.0,0.0
1609131363.7110598,1609131363,710011005,0.0,0.0
1609131363.8136451,1609131363,809942007,0.0,0.0
1609131363.9098876,1609131363,908102989,0.0,0.0
1609131364.0099673,1609131364,8162975,0.0,0.0
1609131364.1086128,1609131364,108123064,0.0,0.0
1609131364.2080936,1609131364,206196069,0.0,0.0
1609131364.3099997,1609131364,308685064,0.0,0.0
1609131364.4143198,1609131364,413867950,0.0,0.0
1609131364.5077298,1609131364,505747079,0.0,0.0
1609131364.610416,1609131364,608939886,0.0,0.0
1609131364.70571,1609131364,704485893,0.0,0.0
1609131364.8131497,1609131364,811732053,0.0,0.0
1609131364.9138346,1609131364,912308931,0.0,0.0
1609131365.013601,1609131365,12602090,0.0,0.0
1609131365.1106598,1609131365,109744071,0.0,0.0
1609131365.2080135,1609131365,206795930,0.0,0.0
1609131365.311839,1609131365,309946060,0.0,0.0
1609131365.4121044,1609131365,410778999,0.0,0.0
1609131365.5130067,1609131365,510834932,0.0,0.0
1609131365.6148589,1609131365,613285064,0.0,0.0
1609131365.711929,1609131365,710901975,0.0,0.0
1609131365.8104653,1609131365,808059930,0.0,0.0
1609131365.9120214,1609131365,911425113,0.0,0.0
1609131366.0135458,1609131366,11703968,0.0,0.0
1609131366.112057,1609131366,111516952,0.0,0.0
1609131366.2070894,1609131366,205472946,0.0,0.0
1609131366.3109908,1609131366,309914112,0.0,0.0
1609131366.4113138,1609131366,409573078,0.0,0.0
1609131366.50679,1609131366,504893064,0.0,0.0
1609131366.6158366,1609131366,614831924,0.0,0.0
1609131366.714467,1609131366,713974952,0.0,0.0
1609131366.8156466,1609131366,815072059,0.0,0.0
1609131366.914363,1609131366,912261962,0.0,0.0
1609131367.0149205,1609131367,12924909,0.0,0.0
1609131367.116275,1609131367,114135980,0.0,0.0
1609131367.2155952,1609131367,213212013,0.0,0.0
1609131367.3199782,1609131367,317254066,0.0,0.0
1609131367.4175663,1609131367,416251897,0.0,0.0
1609131367.5068796,1609131367,505919933,0.0,0.0
1609131367.613672,1609131367,611375093,0.0,0.0
1609131367.7169862,1609131367,714436054,0.0,0.0
1609131367.807726,1609131367,805973052,0.0,0.0
